metric,spearman_rho,spearman_p,kendall_tau,kendall_p,pairwise_wins,pairwise_total,full_order_clips,full_order_total,model
overall,0.8804984079198986,2.182794891720053e-24,0.7697813428794934,5.083497099003875e-17,52,54,14,18,openai:gpt-4o
visual_accuracy,0.8680943760899317,5.56539997207291e-23,0.7832281572117826,1.7015688858005292e-16,50,54,13,18,openai:gpt-4o
completeness,0.9200174617062657,3.415614456685161e-30,0.8378178187297166,4.529532938636592e-19,53,54,16,18,openai:gpt-4o
specificity,0.9117448150427481,9.283376860625027e-29,0.828557883404813,1.2972389536935623e-18,53,54,14,18,openai:gpt-4o
concision,0.6343633423942051,2.1922786750671904e-09,0.5202351167429108,4.603833715118227e-08,37,54,3,18,openai:gpt-4o
listener_utility,0.8970025952844041,1.6028416204428155e-26,0.8047426118687722,7.547172485130871e-18,53,54,15,18,openai:gpt-4o
