clip,tier,gt,clip_score,adqa_score,clip_norm,adqa_norm,ensemble
FtBS6OZSGMI_000028_000038,tier0_cross,0,0.08428517480691274,0.0,0.0,0.0,0.0
FtBS6OZSGMI_000028_000038,tier1_vatex_short,1,0.2774926132212083,1.0,0.7027029102713183,1.0,0.8513514551356591
FtBS6OZSGMI_000028_000038,tier2_vatex_long,2,0.2645296702782313,1.0,0.6555561864884675,1.0,0.8277780932442338
FtBS6OZSGMI_000028_000038,tier3_va11y,3,0.359234140564998,0.6666666666666666,1.0,0.6666666666666666,0.8333333333333333
NMIAhI8oF9s_000001_000011,tier0_cross,0,0.06953614088706672,0.3333333333333333,0.0,0.0,0.0
NMIAhI8oF9s_000001_000011,tier1_vatex_short,1,0.3491344613333543,1.0,0.9617179362554777,1.0,0.9808589681277389
NMIAhI8oF9s_000001_000011,tier2_vatex_long,2,0.3038172858456771,1.0,0.8058431069025286,1.0,0.9029215534512642
NMIAhI8oF9s_000001_000011,tier3_va11y,3,0.3602641286949317,1.0,1.0,1.0,1.0
