clip,tier,gt,clip_score,adqa_score,clip_norm,adqa_norm,ensemble
FtBS6OZSGMI_000028_000038,tier0_cross,0,0.08428517480691274,0.0,0.0,0.0,0.0
FtBS6OZSGMI_000028_000038,tier1_vatex_short,1,0.2774926132212083,0.0,0.7027029102713183,0.0,0.35135145513565913
FtBS6OZSGMI_000028_000038,tier2_vatex_long,2,0.2645296702782313,0.0,0.6555561864884675,0.0,0.32777809324423374
FtBS6OZSGMI_000028_000038,tier3_va11y,3,0.359234140564998,0.0,1.0,0.0,0.5
NMIAhI8oF9s_000001_000011,tier0_cross,0,0.06953614088706672,0.0,0.0,0.0,0.0
NMIAhI8oF9s_000001_000011,tier1_vatex_short,1,0.3491344613333543,0.0,0.9617179362554777,0.0,0.4808589681277389
NMIAhI8oF9s_000001_000011,tier2_vatex_long,2,0.3038172858456771,0.0,0.8058431069025286,0.0,0.4029215534512643
NMIAhI8oF9s_000001_000011,tier3_va11y,3,0.3602641286949317,0.3333333333333333,1.0,1.0,1.0
