clip,tier,gt,clip_score,adqa_score,clip_norm,adqa_norm,ensemble
FtBS6OZSGMI_000028_000038,tier0_cross,0,0.08484575618058443,0.0,0.0,0.0,0.0
FtBS6OZSGMI_000028_000038,tier1_vatex_short,1,0.27682639844715595,1.0,0.70537120991197,1.0,0.852685604955985
FtBS6OZSGMI_000028_000038,tier2_vatex_long,2,0.2637487165629864,1.0,0.6573214681016898,1.0,0.828660734050845
FtBS6OZSGMI_000028_000038,tier3_va11y,3,0.3570154160261154,1.0,1.0,1.0,1.0
NMIAhI8oF9s_000001_000011,tier0_cross,0,0.06807661196216941,0.3333333333333333,0.0,0.0,0.0
NMIAhI8oF9s_000001_000011,tier1_vatex_short,1,0.35174843296408653,1.0,0.9629791092021366,1.0,0.9814895546010682
NMIAhI8oF9s_000001_000011,tier2_vatex_long,2,0.3049182742834091,1.0,0.8040050372240508,1.0,0.9020025186120254
NMIAhI8oF9s_000001_000011,tier3_va11y,3,0.362653948366642,1.0,1.0,1.0,1.0
