clip,tier,gt,clip_score,adqa_score,clip_norm,adqa_norm,ensemble
FtBS6OZSGMI_000028_000038,tier0_cross,0,0.08484575618058443,0.0,0.0,0.0,0.0
FtBS6OZSGMI_000028_000038,tier1_vatex_short,1,0.27682639844715595,0.0,0.70537120991197,0.0,0.352685604955985
FtBS6OZSGMI_000028_000038,tier2_vatex_long,2,0.2637487165629864,0.0,0.6573214681016898,0.0,0.3286607340508449
FtBS6OZSGMI_000028_000038,tier3_va11y,3,0.3570154160261154,0.0,1.0,0.0,0.5
NMIAhI8oF9s_000001_000011,tier0_cross,0,0.06807661196216941,0.0,0.0,0.0,0.0
NMIAhI8oF9s_000001_000011,tier1_vatex_short,1,0.35174843296408653,0.3333333333333333,0.9629791092021366,0.5,0.7314895546010682
NMIAhI8oF9s_000001_000011,tier2_vatex_long,2,0.3049182742834091,0.0,0.8040050372240508,0.0,0.4020025186120254
NMIAhI8oF9s_000001_000011,tier3_va11y,3,0.362653948366642,0.6666666666666666,1.0,1.0,1.0
