text	start	duration	sequence_id	sentence
5,	0.994	0.18100000000000005	0	 5, 4, 3, 2, 1.
4,	1.195	0.20099999999999985	0	 5, 4, 3, 2, 1.
3,	1.416	0.3210000000000002	0	 5, 4, 3, 2, 1.
2,	1.777	0.16100000000000003	0	 5, 4, 3, 2, 1.
1.	1.978	0.09999999999999987	0	 5, 4, 3, 2, 1.
