clip_idx,window_idx,start_s,end_s,need_score,speech_density,standard_slot_score,extended_need_score,visual_event_score,visual_event_need,recommendation,raw_trs
0,0,0.0,3.608,0.3606169829653767,0.18301057313553132,0.3061916825752683,0.05442530039010848,0.4856750298290354,0.0233910790555488,low_ad_need,4
0,1,3.608,6.313999999999999,0.4536189100157325,0.0,0.4536189100157325,0.0,0.1360121268888274,0.0825378069457312,standard_ad_slot,3
0,2,6.313999999999999,9.02,0.44472560736317124,0.0,0.44472560736317124,0.0,1.0,0.117136631119893,inspect_visual_event,3
1,0,0.0,3.68,0.7536062668900145,0.70514485844173,0.2385911430935436,0.5150151237964707,0.0789468457742437,0.0318856175732386,extended_or_integrated_ad,4
1,1,3.68,6.4399999999999995,0.18698448775661836,0.7682746260404443,0.0420084910227268,0.14497599673389155,0.1069115859299297,0.0182489383627788,low_ad_need,3
1,2,6.4399999999999995,9.2,0.2528918335459471,0.20263193838914106,0.2127236234202956,0.04016821012565149,0.0371511288996856,0.0026569469022088,low_ad_need,3
1,3,9.2,10.12,0.1406051094596106,0.7815217391304381,0.0307191597841101,0.1098859496755005,1.0,0.1406051094596106,low_ad_need,1
