metric,spearman_rho,spearman_p,kendall_tau,kendall_p,tier3_gt_tier2_vatex_long_wins,tier3_gt_tier2_vatex_long_total,tier3_gt_tier1_vatex_short_wins,tier3_gt_tier1_vatex_short_total,tier3_gt_tier0_cross_wins,tier3_gt_tier0_cross_total,pairwise_wins,pairwise_total
weighted_ocr_score,0.9486832980505139,0.05131670194948613,0.9128709291752769,0.07095149242730564,1,1,1,1,1,1,3,3
weighted_phrase_coverage,0.7745966692414834,0.22540333075851665,0.7071067811865477,0.17971249487899976,1,1,1,1,1,1,3,3
weighted_token_coverage,0.7745966692414834,0.22540333075851665,0.7071067811865477,0.17971249487899976,0,1,0,1,1,1,1,3
