metric,n_pairs,baseline_mean,gap_targeted_mean,mean_delta,wins,losses,ties,wilcoxon_p
profile_alignment,19,0.5069923146529759,0.6230302666184249,0.11603795196544897,13,6,0,0.10505867004394531
weighted_keyword_coverage,21,1.0483730138769738,0.9978360439420759,-0.0505369699348975,10,11,0,0.6833515167236328
dominant_keyword_coverage,21,0.5714285714285714,1.8571428571428572,1.2857142857142858,14,5,2,0.0025688927798631755
second_keyword_coverage,21,0.8571428571428571,0.42857142857142855,-0.42857142857142855,1,5,15,0.9582171750832124
specificity_score,21,0.8928571428571429,0.5,-0.39285714285714285,1,20,0,0.9999494949383518
over_budget,21,0.0,0.0,0.0,0,0,21,
