metric,spearman_rho,spearman_p,kendall_tau,kendall_p,pairwise_wins,pairwise_total,full_order_clips,full_order_total,model
overall,0.8816888376951199,1.5699548016300797e-24,0.7683751629287923,3.273033144365484e-17,50,54,12,18,anthropic:claude-haiku-4-5-20251001
visual_accuracy,0.6649995998871685,1.8784107011193473e-10,0.5483117341501754,5.391174200303993e-09,41,54,7,18,anthropic:claude-haiku-4-5-20251001
completeness,0.9341435219801938,4.83729084271874e-33,0.8502476507603334,4.653684501944918e-20,54,54,16,18,anthropic:claude-haiku-4-5-20251001
specificity,0.9351911584748273,2.809398378231813e-33,0.8539925140788989,4.8564781006596417e-20,53,54,16,18,anthropic:claude-haiku-4-5-20251001
concision,-0.08591605062514174,0.4730092772370704,-0.1601770368410735,0.08719321566566149,14,54,0,18,anthropic:claude-haiku-4-5-20251001
listener_utility,0.9073046064644814,4.792234330544112e-28,0.8090092399365686,1.7129150313655165e-18,52,54,13,18,anthropic:claude-haiku-4-5-20251001
