clip_idx,window_idx,tier,gt,ocr_phrase_coverage,need_score,ocr_token_count
7,0,tier3_va11y,3,0.0,0.1540767968916709,1
7,0,tier2_vatex_long,2,0.0,0.1540767968916709,1
7,0,tier1_vatex_short,1,0.0,0.1540767968916709,1
7,0,tier0_cross,0,0.0,0.1540767968916709,1
19,0,tier3_va11y,3,0.13333333333333333,0.5766175841764636,15
19,0,tier2_vatex_long,2,0.06666666666666667,0.5766175841764636,15
19,0,tier1_vatex_short,1,0.0,0.5766175841764636,15
19,0,tier0_cross,0,0.06666666666666667,0.5766175841764636,15
