scorer,n,failures,topk_captured,recall_at_k_failures,topk_p_uncorrected,exact_all_failures_topk_p,failure_ranks
all4_mean,18,2,2,1.0,0.0065359477124183,0.006535947712418301,"1,2"
selected3_mean,18,2,2,1.0,0.0065359477124183,0.006535947712418301,"1,2"
strict_all4_80adqa_20clip,18,2,1,0.5,0.2156862745098039,0.006535947712418301,"1,18"
clip_mean_norm,18,7,3,0.42857142857142855,0.5831447963800904,3.1422825540472596e-05,"1,4,7,13,14,16,18"
claude_vlm_completeness_norm,18,2,1,0.5,0.2156862745098039,0.006535947712418301,"1,5"
claude_vlm_specificity_norm,18,2,0,0.0,1.0,0.006535947712418301,"5,8"
vlm_best_dims_mean,18,2,1,0.5,0.2156862745098039,0.006535947712418301,"1,5"
